date,ticker,action,shares,price,value,reason
2026-06-08,TSM,BUY,8.028839,415.17,3333.33,"New entry — rank #1 (+23.1% 90d momentum, rank #1)"
2026-06-08,AAPL,BUY,10.845752,307.34,3333.33,"New entry — rank #2 (+19.2% 90d momentum, rank #2)"
2026-06-08,SHEL,BUY,39.032006,85.4,3333.33,"New entry — rank #3 (+15.3% 90d momentum, rank #3)"
2026-06-29,ASML,BUY,1.724188,1871.545,3226.89,"New entry — rank #1 (+27.7% 90d momentum, rank #1)"
2026-06-29,TSM,SELL,0.900258,452.67,407.52,"Trim to equal weight (+25.6% 90d momentum, rank #2)"
2026-06-29,AMZN,BUY,13.382387,241.13,3226.89,"New entry — rank #3 (+17.7% 90d momentum, rank #3)"
2026-06-29,AAPL,SELL,10.845752,280.5303,3042.56,"Dropped from top 3 (rank #7, +6.2%)"
2026-06-29,SHEL,SELL,39.032006,76.955,3003.71,"Dropped from top 3 (rank #16, -1.9%)"
2026-06-29,ASML,SELL,0.004051,1877.47,7.61,"Trim to equal weight (+28.1% 90d momentum, rank #1)"
2026-06-29,TSM,BUY,0.029012,451.2,13.09,"Add to position — rank #2 (+25.2% 90d momentum, rank #2)"
2026-06-29,AMZN,SELL,0.022691,241.735,5.49,"Trim to equal weight (+18.0% 90d momentum, rank #3)"
2026-06-29,ASML,SELL,0.002265,1883.11,4.27,"Trim to equal weight (+28.5% 90d momentum, rank #1)"
2026-06-29,TSM,SELL,0.049393,455.1,22.48,"Trim to equal weight (+26.3% 90d momentum, rank #2)"
2026-06-29,AMZN,BUY,0.11137,240.14,26.74,"Add to position — rank #3 (+17.3% 90d momentum, rank #3)"
2026-06-30,ASML,SELL,0.030883,1965.0,60.69,"Trim to equal weight (+35.0% 90d momentum, rank #1)"
2026-06-30,TSM,SELL,0.049143,469.6,23.08,"Trim to equal weight (+31.0% 90d momentum, rank #2)"
2026-06-30,GOOGL,BUY,9.262953,357.87,3314.93,"New entry — rank #3 (+18.3% 90d momentum, rank #3)"
2026-06-30,AMZN,SELL,13.471066,239.86,3231.17,"Dropped from top 3 (rank #4, +17.1%)"
2026-06-30,ASML,SELL,0.007716,1980.0,15.28,"Trim to equal weight (+36.0% 90d momentum, rank #1)"
2026-06-30,TSM,SELL,0.007627,471.53,3.6,"Trim to equal weight (+31.5% 90d momentum, rank #2)"
2026-06-30,GOOGL,BUY,0.05288,356.915,18.87,"Add to position — rank #3 (+18.0% 90d momentum, rank #3)"
2026-06-30,ASML,BUY,0.002534,1989.4399,5.04,"Add to position — rank #1 (+36.7% 90d momentum, rank #1)"
2026-06-30,TSM,SELL,0.045432,477.57,21.7,"Trim to equal weight (+33.2% 90d momentum, rank #2)"
2026-06-30,GOOGL,BUY,0.046605,357.37,16.66,"Add to position — rank #3 (+18.2% 90d momentum, rank #3)"
2026-07-28,NVO,BUY,55.911955,50.96,2849.27,"New entry — rank #1 (+41.1% 90d momentum, rank #1)"
2026-07-28,AAPL,BUY,8.385641,339.78,2849.27,"New entry — rank #2 (+36.1% 90d momentum, rank #2)"
2026-07-28,SIEGY,BUY,18.371741,155.09,2849.27,"New entry — rank #3 (+26.1% 90d momentum, rank #3)"
2026-07-28,ASML,SELL,1.681807,1591.3101,2676.28,"Dropped from top 3 (rank #4, +17.7%)"
2026-07-28,TSM,SELL,7.005998,392.83,2752.17,"Dropped from top 3 (rank #5, +16.0%)"
2026-07-28,GOOGL,SELL,9.362438,333.18,3119.38,"Dropped from top 3 (rank #11, +8.3%)"
2026-07-28,NVO,SELL,0.055527,51.04,2.83,"Trim to equal weight (+41.3% 90d momentum, rank #1)"
2026-07-28,AAPL,BUY,0.010013,339.57,3.4,"Add to position — rank #2 (+36.0% 90d momentum, rank #2)"
2026-07-28,SIEGY,SELL,0.003646,155.21,0.57,"Trim to equal weight (+26.2% 90d momentum, rank #3)"
2026-07-28,NVO,SELL,0.008603,50.955,0.44,"Trim to equal weight (+41.1% 90d momentum, rank #1)"
2026-07-28,AAPL,SELL,0.01157,339.42,3.93,"Trim to equal weight (+35.9% 90d momentum, rank #2)"
2026-07-28,SIEGY,BUY,0.02822,154.69,4.37,"Add to position — rank #3 (+25.8% 90d momentum, rank #3)"
2026-07-28,NVO,BUY,0.056608,50.96,2.88,"Add to position — rank #1 (+41.1% 90d momentum, rank #1)"
2026-07-28,AAPL,SELL,0.006967,340.08,2.37,"Trim to equal weight (+36.2% 90d momentum, rank #2)"
2026-07-28,SIEGY,SELL,0.003327,154.89,0.52,"Trim to equal weight (+25.9% 90d momentum, rank #3)"
2026-07-29,NVO,SELL,0.359541,51.455,18.5,"Trim to equal weight (+43.9% 90d momentum, rank #1)"
2026-07-29,AAPL,BUY,0.008479,340.83,2.89,"Add to position — rank #2 (+37.0% 90d momentum, rank #2)"
2026-07-29,SIEGY,BUY,0.101011,154.54,15.61,"Add to position — rank #3 (+25.8% 90d momentum, rank #3)"
2026-07-29,NVO,BUY,0.050408,51.365,2.59,"Add to position — rank #1 (+43.6% 90d momentum, rank #1)"
2026-07-29,AAPL,SELL,0.02057,341.38,7.02,"Trim to equal weight (+37.2% 90d momentum, rank #2)"
2026-07-29,SIEGY,BUY,0.028753,154.17,4.43,"Add to position — rank #3 (+25.5% 90d momentum, rank #3)"
2026-07-29,NVO,SELL,0.029227,51.76,1.51,"Trim to equal weight (+44.7% 90d momentum, rank #1)"
2026-07-29,AAPL,BUY,0.004732,343.63,1.63,"Add to position — rank #2 (+38.2% 90d momentum, rank #2)"
2026-07-29,SIEGY,SELL,0.000728,155.28,0.11,"Trim to equal weight (+26.4% 90d momentum, rank #3)"
2026-07-29,NVO,SELL,0.034702,51.535,1.79,"Trim to equal weight (+44.1% 90d momentum, rank #1)"
2026-07-29,AAPL,BUY,0.045101,340.09,15.34,"Add to position — rank #2 (+36.7% 90d momentum, rank #2)"
2026-07-29,SIEGY,SELL,0.087284,155.24,13.55,"Trim to equal weight (+26.4% 90d momentum, rank #3)"
2026-07-29,NVO,SELL,0.209486,51.58,10.81,"Trim to equal weight (+44.2% 90d momentum, rank #1)"
2026-07-29,AAPL,BUY,0.022714,338.19,7.68,"Add to position — rank #2 (+36.0% 90d momentum, rank #2)"
2026-07-29,SIEGY,BUY,0.020201,154.62,3.12,"Add to position — rank #3 (+25.9% 90d momentum, rank #3)"
2026-07-30,NVO,BUY,0.844729,51.065,43.14,"Add to position — rank #1 (+44.9% 90d momentum, rank #1)"
2026-07-30,SIEGY,SELL,0.698809,161.53,112.88,"Trim to equal weight (+38.9% 90d momentum, rank #2)"
2026-07-30,AAPL,BUY,0.210283,331.66,69.74,"Add to position — rank #3 (+33.9% 90d momentum, rank #3)"
2026-07-30,NVO,BUY,0.190608,50.98,9.72,"Add to position — rank #1 (+44.7% 90d momentum, rank #1)"
2026-07-30,SIEGY,SELL,0.065774,162.41,10.68,"Trim to equal weight (+39.6% 90d momentum, rank #2)"
2026-07-30,AAPL,BUY,0.002906,332.12,0.97,"Add to position — rank #3 (+34.0% 90d momentum, rank #3)"
2026-07-30,NVO,BUY,0.055542,51.0399,2.83,"Add to position — rank #1 (+44.8% 90d momentum, rank #1)"
2026-07-30,SIEGY,BUY,0.029513,162.49,4.8,"Add to position — rank #2 (+39.7% 90d momentum, rank #2)"
2026-07-30,AAPL,SELL,0.022865,333.72,7.63,"Trim to equal weight (+34.7% 90d momentum, rank #3)"
2026-07-30,NVO,SELL,0.365216,51.61,18.85,"Trim to equal weight (+46.5% 90d momentum, rank #1)"
2026-07-30,SIEGY,BUY,0.018608,163.07,3.03,"Add to position — rank #2 (+40.2% 90d momentum, rank #2)"
2026-07-30,AAPL,BUY,0.047429,333.43,15.81,"Add to position — rank #3 (+34.6% 90d momentum, rank #3)"
2026-07-31,NVO,BUY,1.595272,47.095,75.13,"Add to position — rank #1 (+32.6% 90d momentum, rank #1)"
2026-07-31,SIEGY,SELL,1.071678,162.88,174.55,"Trim to equal weight (+32.1% 90d momentum, rank #2)"
2026-07-31,AMZN,BUY,10.055269,269.9767,2714.69,"New entry — rank #3 (+28.5% 90d momentum, rank #3)"
2026-07-31,AAPL,SELL,8.675326,301.4599,2615.26,"Dropped from top 3 (rank #7, +20.0%)"
2026-07-31,SIEGY,SELL,0.052123,163.5,8.52,"Trim to equal weight (+32.6% 90d momentum, rank #1)"
2026-07-31,NVO,BUY,0.26594,46.91,12.48,"Add to position — rank #2 (+32.1% 90d momentum, rank #2)"
2026-07-31,AMZN,SELL,0.014611,270.55,3.95,"Trim to equal weight (+28.7% 90d momentum, rank #3)"
2026-07-31,SIEGY,SELL,0.013607,163.68,2.23,"Trim to equal weight (+32.7% 90d momentum, rank #1)"
2026-07-31,NVO,BUY,0.177247,46.78,8.29,"Add to position — rank #2 (+31.7% 90d momentum, rank #2)"
2026-07-31,AMZN,SELL,0.022359,271.23,6.06,"Trim to equal weight (+29.1% 90d momentum, rank #3)"
2026-07-31,NVO,SELL,0.313612,47.08,14.76,"Trim to equal weight (+32.6% 90d momentum, rank #1)"
2026-07-31,SIEGY,BUY,0.095826,162.9,15.61,"Add to position — rank #2 (+32.1% 90d momentum, rank #2)"
2026-07-31,AMZN,SELL,0.003112,271.58,0.85,"Trim to equal weight (+29.2% 90d momentum, rank #3)"
2026-08-28,MSFT,BUY,5.299764,505.06,2676.7,"New entry — rank #1 (+21.3% 90d momentum, rank #1)"
2026-08-28,ASML,BUY,1.542757,1735.01,2676.7,"New entry — rank #2 (+17.9% 90d momentum, rank #2)"
2026-08-28,TSM,BUY,6.264214,427.3,2676.7,"New entry — rank #3 (+16.9% 90d momentum, rank #3)"
2026-08-28,NVO,SELL,57.772393,46.26,2672.55,"Dropped from top 3 (rank #5, +15.8%)"
2026-08-28,SIEGY,SELL,16.696897,167.16,2791.05,"Dropped from top 3 (rank #4, +16.9%)"
2026-08-28,AMZN,SELL,10.015187,256.26,2566.49,"Dropped from top 3 (rank #17, +3.2%)"
2026-08-28,MSFT,SELL,0.136947,513.53,70.33,"Trim to equal weight (+21.6% 90d momentum, rank #1)"
2026-08-28,AAPL,BUY,8.292967,319.7,2651.26,"New entry — rank #2 (+20.3% 90d momentum, rank #2)"
2026-08-28,SIEGY,BUY,15.833155,167.45,2651.26,"New entry — rank #3 (+18.9% 90d momentum, rank #3)"
2026-08-28,ASML,SELL,1.542757,1696.16,2616.76,"Dropped from top 3 (rank #5, +16.7%)"
2026-08-28,TSM,SELL,6.264214,417.52,2615.43,"Dropped from top 3 (rank #6, +13.7%)"
2026-08-29,MSFT,SELL,0.000822,513.53,0.42,"Trim to equal weight (+21.6% 90d momentum, rank #1)"
2026-08-29,AAPL,SELL,0.001321,319.7,0.42,"Trim to equal weight (+20.3% 90d momentum, rank #2)"
2026-08-29,SIEGY,BUY,0.005045,167.37,0.84,"Add to position — rank #3 (+18.9% 90d momentum, rank #3)"
2026-08-31,MSFT,SELL,0.010944,509.0825,5.57,"Trim to equal weight (+18.1% 90d momentum, rank #1)"
2026-08-31,ASML,BUY,1.546192,1695.98,2622.31,"New entry — rank #2 (+17.9% 90d momentum, rank #2)"
2026-08-31,NVO,BUY,57.791954,45.375,2622.31,"New entry — rank #3 (+17.4% 90d momentum, rank #3)"
2026-08-31,AAPL,SELL,8.291646,316.75,2626.38,"Dropped from top 3 (rank #4, +16.2%)"
2026-08-31,SIEGY,SELL,15.8382,164.96,2612.67,"Dropped from top 3 (rank #5, +16.0%)"
